Metric,RGB
SSIM,0.4449039697647095
CLIPIQA,0.7339504957199097
PSNR,13.311076164245605
